﻿<process name="vacation" description="Urlaubsantrag">
  <process-step name="initialization" description="Initialisierung">
    <dialog>
      <number name="shoesize" description="Schuhgröße"/>
      <number name="clothsize" description="Kleidergröße" obligatory="true"/>
      <teacher-dropdown name="teacher" description="Lehrer"/>
    </dialog>
    <dialog>
      <date-dropdown name="begin" description="Beginn"/>
      <number name="left_new" description="Resturlaub (alt)"/>
    </dialog>
    <dialog>
      <text name="left_new" description="Kein Urlaub (alt)"/>
      <number name="left_new" description="Urlaub (alt)"/>
    </dialog>
    <dialog>
      <date-dropdown name="[begin]" description="Beginn"/>
      <number name="left_new" description="Resturlaub (alt)"/>
    </dialog>
  </process-step>
  <process-step name="validationBySecretary" description="Genehmigt durch Sekretärin" target="herrewald">
    <validation locks="true"/>
    <mailnotify target="[teacher]" text="Antrag durch Sekretär/in genehmigt"/>
    <receipt draftname="vorlage"/>
  </process-step>
  <archivefor target="[teacher]"/>
  <archivefor target="Secretary"/>
</process>
